ds,مطاعم,أسواق,سيارات,أسعار,عقارات,كهرباء,شحن,استيراد,فنادق,تحويل,radiance,usd_syp_median,ndvi,gdp,Mean_Pollution,total_incoming,total_outgoing
2010-01-01,,,,,,,,,,,,,,34316469200.952,0.0039036466005974,,
2010-02-01,,,,,,,,,,,,,,,0.0039036466005974,,
2010-03-01,,,,,,,,,,,,,,,0.0039036466005974,,
2010-04-01,,,,,,,,,,,,,,,0.0039036466005974,,
2010-05-01,,,,,,,,,,,,,,,0.0039036466005974,,
2010-06-01,,,,,,,,,,,,,,,0.0039036466005974,,
2010-07-01,,,,,,,,,,,,,,,0.0039036466005974,,
2010-08-01,,,,,,,,,,,,,,,0.0039036466005974,,
2010-09-01,,,,,,,,,,,,,,,0.0039036466005974,,
2010-10-01,,,,,,,,,,,,,,,0.0039036466005974,,
2010-11-01,,,,,,,,,,,,,,,0.0039036466005974,,
2010-12-01,,,,,,,,,,,,,,,0.0039036466005974,,
2011-01-01,,,,,,,,,,,,,,35294489548.9953,0.0039036466005974,,
2011-02-01,,,,,,,,,,,,,,,0.0039036466005974,,
2011-03-01,,,,,,,,,,,,,,,0.0039036466005974,,
2011-04-01,,,,,,,,,,,,,,,0.0039036466005974,,
2011-05-01,,,,,,,,,,,,,,,0.0039036466005974,,
2011-06-01,,,,,,,,,,,,,,,0.0039036466005974,,
2011-07-01,,,,,,,,,,,,,,,0.0039036466005974,,
2011-08-01,,,,,,,,,,,,,,,0.0039036466005974,,
2011-09-01,,,,,,,,,,,,,,,0.0039036466005974,,
2011-10-01,,,,,,,,,,,,,,,0.0039036466005974,,
2011-11-01,,,,,,,,,,,,,,,0.0039036466005974,,
2011-12-01,,,,,,,,,,,,,,,0.0039036466005974,,
2012-01-01,,,,,,,,,,,0.0856325031828691,,,25998267919.3561,0.0039036466005974,,
2012-02-01,,,,,,,,,,,0.0765227391804949,,,,0.0039036466005974,,
2012-03-01,,,,,,,,,,,0.0829379364689686,,,,0.0032986616710193,,
2012-04-01,69.0,0.0,64.0,22.0,36.0,35.0,30.0,0.0,97.0,55.0,0.1049192805120994,,,,0.0066400883134642,,
2012-05-01,66.0,42.0,62.0,20.0,32.0,26.0,24.0,49.0,63.0,47.0,0.1109716806296258,,,,0.0051395113275155,,
2012-06-01,73.0,0.0,84.0,17.0,38.0,24.0,21.0,0.0,95.0,42.0,0.106287708747266,,,,0.007067268375529,,
2012-07-01,57.0,0.0,75.0,14.0,21.0,24.0,27.0,0.0,87.0,38.0,0.0964999636200444,,,,0.0073458328559885,,
2012-08-01,100.0,0.0,81.0,19.0,34.0,22.0,20.0,0.0,100.0,38.0,0.0981208239899366,,,,0.0085370379588215,,
2012-09-01,80.0,0.0,75.0,21.0,22.0,20.0,30.0,0.0,82.0,43.0,0.1036515151314476,,,,0.0084125589265366,,
2012-10-01,61.0,0.0,74.0,13.0,32.0,19.0,26.0,0.0,80.0,44.0,0.0985245346868375,,,,0.0087238352802208,,
2012-11-01,60.0,0.0,70.0,21.0,26.0,26.0,29.0,0.0,76.0,47.0,0.0792185048083349,,,,0.0053971890239951,,
2012-12-01,63.0,0.0,66.0,19.0,18.0,38.0,40.0,0.0,78.0,47.0,0.057875925049015,,,,0.0037451195564794,,
2013-01-01,63.0,0.0,69.0,19.0,37.0,39.0,44.0,0.0,68.0,48.0,0.0498630049401293,,,19160700666.0922,0.0034805211768707,,
2013-02-01,81.0,0.0,73.0,16.0,24.0,28.0,40.0,0.0,57.0,47.0,0.0384980330385653,,,,0.0035667346100399,,
2013-03-01,68.0,0.0,84.0,23.0,34.0,26.0,36.0,0.0,56.0,46.0,0.0475287807653373,,,,0.0040162177900612,,
2013-04-01,82.0,0.0,84.0,24.0,23.0,23.0,30.0,0.0,72.0,49.0,0.0564117330255691,,,,0.0051200738487451,,
2013-05-01,81.0,0.0,85.0,28.0,38.0,16.0,26.0,0.0,75.0,50.0,0.0698354962810934,,,,0.0051701864430856,,
2013-06-01,67.0,0.0,85.0,36.0,42.0,18.0,31.0,0.0,58.0,42.0,0.0702946104009968,,,,0.0077239036567087,,
2013-07-01,60.0,0.0,100.0,61.0,31.0,19.0,29.0,0.0,77.0,46.0,0.062951330404999,,,,0.0086487061535978,,
2013-08-01,39.0,0.0,89.0,35.0,30.0,14.0,28.0,37.0,79.0,47.0,0.0640907194257221,,,,0.0071229665645663,,
2013-09-01,49.0,44.0,91.0,39.0,44.0,20.0,39.0,47.0,81.0,53.0,0.0656737225025774,,,,0.007765011360771,,
2013-10-01,47.0,0.0,80.0,36.0,32.0,21.0,34.0,0.0,53.0,45.0,0.0738420263628826,,,,0.0092072442673843,,
2013-11-01,39.0,0.0,87.0,45.0,33.0,33.0,43.0,40.0,67.0,50.0,0.0654875956355579,,,,0.0045169699485522,,
2013-12-01,46.0,0.0,75.0,31.0,14.0,40.0,49.0,49.0,66.0,52.0,0.0461000721904565,,,,0.0042211628322346,,
2014-01-01,33.0,0.0,85.0,31.0,27.0,38.0,47.0,0.0,63.0,49.0,0.039121590422047,,,17185167298.4619,0.0031757074254739,,
2014-02-01,48.0,0.0,79.0,26.0,33.0,28.0,47.0,34.0,47.0,52.0,0.0437872015803195,,,,0.003232144198848,,
2014-03-01,59.0,0.0,73.0,24.0,40.0,23.0,43.0,36.0,64.0,48.0,0.0527120457138343,,,,0.0028790622647757,,
2014-04-01,51.0,0.0,75.0,31.0,33.0,38.0,34.0,55.0,61.0,51.0,0.0610708081309244,,,,0.0070759298394363,,
2014-05-01,62.0,0.0,73.0,25.0,34.0,44.0,39.0,30.0,64.0,48.0,0.0627650826796559,,,,0.0063338469041086,,
2014-06-01,39.0,0.0,64.0,26.0,20.0,33.0,33.0,45.0,73.0,41.0,0.0492978874757033,,,,0.0071677433525957,,
2014-07-01,52.0,0.0,76.0,21.0,30.0,34.0,37.0,29.0,90.0,44.0,0.0559761356778759,,,,0.0074697957414511,,
2014-08-01,51.0,0.0,76.0,23.0,58.0,36.0,40.0,0.0,82.0,46.0,0.0527382343125418,,,,0.0078525545243753,,
2014-09-01,50.0,36.0,73.0,33.0,50.0,30.0,46.0,48.0,88.0,44.0,0.0611629307794794,,,,0.0074325917009903,,
2014-10-01,68.0,0.0,70.0,23.0,46.0,30.0,39.0,37.0,64.0,44.0,0.061073182894805,,,,0.0088171733292377,,
2014-11-01,46.0,0.0,68.0,24.0,28.0,45.0,49.0,52.0,72.0,52.0,0.0524567280119163,,,,0.0049808813340229,,
2014-12-01,39.0,0.0,72.0,23.0,26.0,52.0,51.0,33.0,47.0,48.0,0.0559614496888706,,,,0.0043479305779854,,
2015-01-01,39.0,0.0,76.0,24.0,39.0,50.0,48.0,35.0,51.0,42.0,0.039092047462435,224.0,,16466863117.0009,0.0044711920932253,,
2015-02-01,31.0,0.0,71.0,37.0,46.0,42.0,47.0,0.0,52.0,48.0,0.033667404500909,245.0,,,0.0031393399960881,,
2015-03-01,47.0,35.0,68.0,27.0,34.0,41.0,44.0,49.0,54.0,43.0,0.0409781992729512,257.0,,,0.0033462533131539,,
2015-04-01,46.0,0.0,69.0,33.0,34.0,21.0,38.0,0.0,56.0,49.0,0.0454440364392939,289.0,,,0.0072466231814689,,
2015-05-01,61.0,0.0,70.0,37.0,37.0,19.0,36.0,38.0,44.0,47.0,0.0500946025607134,283.0,,,0.0059975756280994,,
2015-06-01,67.0,31.0,73.0,29.0,34.0,14.0,36.0,0.0,64.0,45.0,0.0552945199995181,298.0,,,0.0068034339066551,,
2015-07-01,80.0,25.0,70.0,25.0,34.0,32.0,38.0,0.0,84.0,39.0,0.0487390604338755,301.0,,,0.0079561568388366,,
2015-08-01,68.0,0.0,70.0,27.0,50.0,31.0,44.0,38.0,87.0,43.0,0.0426576197607198,312.0,,,0.007524180192411,,
2015-09-01,50.0,26.0,70.0,27.0,33.0,29.0,33.0,32.0,69.0,38.0,0.0453126982861381,332.5,,,0.0081826954451074,,
2015-10-01,56.0,27.0,67.0,25.0,29.0,20.0,40.0,27.0,53.0,42.0,0.0486443043978443,340.0,,,0.0177794462119135,,
2015-11-01,61.0,0.0,67.0,28.0,35.0,25.0,38.0,31.0,51.0,43.0,0.0504028786589242,379.0,,,0.0046401494048489,,
2015-12-01,46.0,0.0,70.0,22.0,31.0,31.0,45.0,41.0,51.0,47.0,0.0379320749672343,393.0,,,0.0030283190648233,,
2016-01-01,47.0,0.0,73.0,19.0,27.0,27.0,40.0,29.0,44.0,40.0,0.033749144765497,398.0,,15412063258.1149,0.0030931141777534,,
2016-02-01,44.0,50.0,69.0,24.0,32.0,18.0,40.0,55.0,43.0,48.0,0.0371237628292498,435.5,,,0.003508897315085,,
2016-03-01,49.0,0.0,66.0,25.0,34.0,28.0,35.0,31.0,39.0,44.0,0.0320679737731975,477.0,,,0.0038094178782204,,
2016-04-01,48.0,0.0,63.0,24.0,49.0,20.0,34.0,26.0,48.0,46.0,0.0384716754143705,519.0,,,0.0081837348819701,,
2016-05-01,50.0,20.0,61.0,37.0,43.0,23.0,35.0,23.0,46.0,51.0,0.0434029129912784,600.0,,,0.0060321117368138,,
2016-06-01,64.0,22.0,70.0,39.0,32.0,21.0,33.0,28.0,54.0,45.0,0.0410591636528927,490.0,,,0.0081525086495367,,
2016-07-01,57.0,18.0,76.0,20.0,37.0,26.0,33.0,21.0,69.0,41.0,0.0436041011804385,495.0,,,0.0072696865389406,,
2016-08-01,48.0,0.0,67.0,23.0,41.0,23.0,33.0,22.0,75.0,46.0,0.0456765878948048,537.0,,,0.006739274333116,,
2016-09-01,57.0,0.0,66.0,19.0,30.0,19.0,31.0,34.0,63.0,39.0,0.045264619977766,536.5,,,0.0088550774242611,,
2016-10-01,55.0,0.0,58.0,17.0,35.0,16.0,33.0,24.0,52.0,47.0,0.0585748652511902,546.0,,,0.0077597576315743,,
2016-11-01,42.0,0.0,56.0,16.0,21.0,32.0,41.0,31.0,38.0,42.0,0.0458812529978641,540.0,,,0.0045910638956452,,
2016-12-01,62.0,0.0,60.0,22.0,28.0,27.0,41.0,27.0,41.0,45.0,0.0496352235630695,513.0,,,0.003409591918355,,
2017-01-01,53.0,0.0,64.0,19.0,29.0,30.0,44.0,31.0,50.0,50.0,0.0392566289127954,519.0,,15300590613.0367,0.0040647745979213,,
2017-02-01,40.0,0.0,61.0,18.0,32.0,31.0,45.0,37.0,46.0,49.0,0.04691292485146,535.0,,,0.0037959900820753,,
2017-03-01,47.0,23.0,58.0,19.0,36.0,22.0,37.0,36.0,44.0,48.0,0.0659729941527682,553.0,,,0.003078285436327,,
2017-04-01,51.0,0.0,58.0,16.0,38.0,18.0,34.0,28.0,42.0,52.0,0.061522183827292,555.5,,,0.0070785364934662,,
2017-05-01,60.0,19.0,62.0,17.0,39.0,30.0,33.0,0.0,54.0,50.0,0.0559967548388116,540.0,,,0.0064655713912662,,
2017-06-01,77.0,0.0,65.0,17.0,39.0,18.0,28.0,43.0,64.0,47.0,0.0533888454655208,523.5,,,0.0056548930834783,,
2017-07-01,66.0,0.0,76.0,16.0,63.0,28.0,32.0,21.0,85.0,48.0,0.0488335976358772,536.0,,,0.0058741738473973,,
2017-08-01,61.0,0.0,72.0,14.0,48.0,27.0,33.0,19.0,88.0,50.0,0.0493704249236211,520.0,,,0.0081210273783014,,
2017-09-01,80.0,22.0,59.0,18.0,62.0,27.0,29.0,30.0,85.0,48.0,0.050849911170342,508.0,,,0.0066994974026723,,
2017-10-01,58.0,19.0,61.0,20.0,57.0,21.0,34.0,40.0,51.0,53.0,0.0559068532990802,492.0,,,0.0102071874311736,,
2017-11-01,58.0,24.0,68.0,26.0,52.0,30.0,35.0,34.0,68.0,57.0,0.0519182915354177,415.0,,,0.0050244773009906,,
2017-12-01,84.0,18.0,73.0,28.0,39.0,24.0,33.0,36.0,53.0,48.0,0.0435087091675975,429.0,,,0.0045700448447818,,
2018-01-01,74.0,22.0,70.0,24.0,43.0,25.0,37.0,40.0,60.0,50.0,0.0369536979893152,469.0,,15513754781.2974,0.0025705422209435,,
2018-02-01,65.0,20.0,71.0,20.0,58.0,21.0,31.0,40.0,68.0,51.0,0.0358956028331091,468.0,,,0.0040741556289737,,
2018-03-01,66.0,24.0,61.0,16.0,56.0,25.0,32.0,32.0,57.0,55.0,0.0407948418781415,468.0,,,0.0034908988746762,,
2018-04-01,78.0,21.0,58.0,27.0,53.0,18.0,30.0,29.0,48.0,50.0,0.043997286046121,438.0,,,0.0064945417869087,,
2018-05-01,92.0,18.0,81.0,19.0,55.0,21.0,33.0,32.0,54.0,51.0,0.0485721598934711,441.0,,,0.0063868612430462,,
2018-06-01,81.0,24.0,66.0,16.0,54.0,19.0,27.0,33.0,64.0,48.0,0.0591700822461952,444.0,,,0.0082890813500797,,
2018-07-01,80.0,0.0,69.0,22.0,55.0,24.0,31.0,34.0,71.0,52.0,0.0518728495200328,445.0,,,0.005927549151863,,
2018-08-01,84.0,0.0,70.0,19.0,56.0,20.0,30.0,29.0,99.0,51.0,0.0503072451858222,448.5,,,0.0062513953262641,,
2018-09-01,76.0,0.0,64.0,21.0,61.0,26.0,28.0,48.0,68.0,54.0,0.0528591720068583,459.0,,,0.0072983416695505,,
2018-10-01,72.0,22.0,62.0,18.0,55.0,18.0,31.0,35.0,70.0,66.0,0.0536182168500474,469.5,,,0.0097172333483766,,
2018-11-01,64.0,0.0,66.0,21.0,57.0,23.0,35.0,43.0,48.0,65.0,0.0518681967539672,495.0,,,0.0076146746486314,,
2018-12-01,65.0,28.0,72.0,20.0,51.0,24.0,36.0,31.0,49.0,59.0,0.0410221453375457,498.0,,,0.0036245878656566,,
2019-01-01,67.0,0.0,74.0,21.0,53.0,33.0,36.0,70.0,43.0,55.0,0.0391477986890358,509.0,,15703131995.8402,0.0044393600115771,43750.0,4491.0
2019-02-01,67.0,24.0,66.0,25.0,61.0,26.0,36.0,53.0,53.0,58.0,0.0351450474129966,523.5,,,0.0048172071936416,42425.0,1820.0
2019-03-01,67.0,0.0,67.0,25.0,64.0,27.0,38.0,44.0,51.0,59.0,0.0370292139076241,532.0,,,0.0052978080460792,66264.0,915.0
2019-04-01,63.0,26.0,62.0,24.0,57.0,21.0,34.0,42.0,51.0,66.0,0.0449493454285335,559.0,,,0.006182180468836,109588.0,8184.0
2019-05-01,74.0,0.0,69.0,20.0,59.0,22.0,35.0,29.0,49.0,64.0,0.0557018469611782,575.0,,,0.0068679795900784,136261.0,10733.0
2019-06-01,83.0,0.0,73.0,23.0,58.0,16.0,28.0,23.0,63.0,60.0,0.0604403620063679,604.0,,,0.0058159404831231,68082.0,22260.0
2019-07-01,76.0,27.0,67.0,26.0,67.0,23.0,32.0,29.0,79.0,57.0,0.0579754820841495,593.5,,,0.0068598260251415,131775.0,7875.0
2019-08-01,84.0,0.0,74.0,26.0,59.0,16.0,33.0,38.0,94.0,54.0,0.0558995593814841,618.0,,,0.0067091908584202,93927.0,2453.0
2019-09-01,71.0,36.0,69.0,45.0,80.0,20.0,32.0,37.0,69.0,63.0,0.064192120289357,638.0,,,0.0086537008069726,79087.0,1425.0
2019-10-01,64.0,43.0,65.0,29.0,74.0,18.0,37.0,24.0,55.0,65.0,0.064420671879728,652.0,,,0.0097733358172449,69903.0,1090.0
2019-11-01,58.0,45.0,65.0,33.0,64.0,25.0,35.0,37.0,46.0,64.0,0.0627286420868548,718.0,,,0.006031872656409,66726.0,3571.0
2019-12-01,68.0,21.0,66.0,53.0,63.0,28.0,45.0,34.0,48.0,66.0,0.0506219252739506,890.0,,,0.0052949849432198,41844.0,1562.0
2020-01-01,49.0,21.0,60.0,54.0,61.0,31.0,45.0,36.0,42.0,60.0,0.0384327729316341,1037.5,0.2161080910772834,15593656903.8252,0.0027992790888969,46956.0,3759.0
2020-02-01,58.0,41.0,60.0,29.0,69.0,29.0,43.0,44.0,42.0,61.0,0.0345188195706193,1035.0,0.2380123467979847,,0.0039167174291923,58354.0,1104.0
2020-03-01,54.0,37.0,55.0,32.0,47.0,24.0,43.0,27.0,25.0,64.0,0.0379882472657206,1105.0,0.2847037394727689,,0.0038664569366446,25427.0,1560.0
2020-04-01,40.0,45.0,65.0,36.0,49.0,19.0,48.0,34.0,20.0,65.0,0.0449190458745621,1285.0,0.2980576918949401,,0.0096074005083186,50762.0,1889.0
2020-05-01,49.0,40.0,64.0,61.0,75.0,22.0,53.0,43.0,29.0,70.0,0.051333139819188,1640.0,0.239683370365738,,0.0065700995912218,103195.0,2730.0
2020-06-01,60.0,100.0,63.0,100.0,100.0,18.0,50.0,29.0,30.0,79.0,0.0589073650913141,2500.0,0.158518519926984,,0.0053752726830041,114217.0,18437.0
2020-07-01,58.0,77.0,64.0,66.0,79.0,22.0,52.0,22.0,44.0,72.0,0.0519521405743537,2300.0,0.1504801605898945,,0.0065655876891654,89379.0,14205.0
2020-08-01,67.0,57.0,59.0,60.0,84.0,22.0,49.0,31.0,40.0,67.0,0.0459483976707749,2220.0,0.1490079610432713,,0.0086766954843681,97088.0,9966.0
2020-09-01,65.0,44.0,58.0,48.0,85.0,27.0,50.0,28.0,38.0,65.0,0.0479261054434235,2210.0,0.14790789763747,,0.0058877366021676,113644.0,10453.0
2020-10-01,69.0,63.0,52.0,47.0,73.0,23.0,50.0,33.0,41.0,70.0,0.0530021223335797,2340.0,0.1458567587092073,,0.0116554569971213,82183.0,4682.0
2020-11-01,58.0,50.0,46.0,57.0,61.0,30.0,55.0,34.0,34.0,74.0,0.0481775950898885,2660.0,0.1648697456389464,,0.0048051838630454,71766.0,3668.0
2020-12-01,71.0,55.0,47.0,52.0,58.0,26.0,61.0,28.0,33.0,71.0,0.0359347651611282,2790.0,0.1818736496119692,,0.0060543933817063,14817.0,904.0
2021-01-01,69.0,41.0,50.0,51.0,69.0,32.0,63.0,29.0,38.0,74.0,0.0331853573067291,2910.0,0.1969922110367264,15882796969.6273,0.004208579480129,49038.0,2664.0
2021-02-01,72.0,37.0,54.0,58.0,60.0,25.0,62.0,29.0,40.0,76.0,0.0380210786022771,3350.0,0.2168289054069231,,0.0038696707296542,37796.0,0.0
2021-03-01,89.0,62.0,45.0,74.0,48.0,19.0,59.0,36.0,41.0,72.0,0.0371327908527789,3970.0,0.2240984999519089,,0.0035024009390561,88019.0,9203.0
2021-04-01,75.0,71.0,53.0,56.0,39.0,20.0,59.0,33.0,31.0,69.0,0.0380487760077102,3167.5,0.2096701842730042,,0.007928735717401,66542.0,29355.0
2021-05-01,77.0,47.0,53.0,46.0,48.0,18.0,61.0,24.0,48.0,70.0,0.0486311186766304,3190.0,0.16809577912161,,0.0063254027503235,79753.0,13940.0
2021-06-01,85.0,55.0,60.0,40.0,57.0,19.0,60.0,28.0,49.0,78.0,0.0628628658621277,3235.0,0.1397926523689235,,0.0064007890018329,76456.0,1819.0
2021-07-01,83.0,48.0,61.0,31.0,53.0,24.0,64.0,26.0,75.0,71.0,0.0563180638542418,3260.0,0.136442801904829,,0.006242236611208,44600.0,6220.0
2021-08-01,85.0,41.0,67.0,34.0,53.0,26.0,72.0,42.0,70.0,75.0,0.0541478728014284,3340.0,0.1389428227509273,,0.0075949589772302,54259.0,7270.0
2021-09-01,63.0,29.0,58.0,32.0,50.0,20.0,59.0,43.0,56.0,72.0,0.0549135432406774,3507.5,0.1387272680267016,,0.0082440330619167,105680.0,4128.0
2021-10-01,64.0,32.0,56.0,25.0,35.0,17.0,56.0,38.0,48.0,74.0,0.0593798322420546,3510.0,0.1382421682516632,,0.009308644900189,136269.0,5249.0
2021-11-01,57.0,33.0,60.0,25.0,34.0,21.0,58.0,30.0,39.0,76.0,0.0503599304210529,3530.0,0.1382004643658723,,0.0046768602650615,45923.0,3996.0
2021-12-01,59.0,37.0,68.0,27.0,37.0,26.0,60.0,28.0,45.0,78.0,0.050529098659965,3575.0,0.1420813705783405,,0.0039171240238868,92905.0,1016.0
2022-01-01,64.0,23.0,78.0,24.0,36.0,30.0,77.0,19.0,37.0,86.0,0.0427284445566209,3620.0,0.1515756901075351,15999183136.0334,0.004028093699855,91487.0,2079.0
2022-02-01,55.0,26.0,78.0,24.0,28.0,27.0,81.0,40.0,36.0,82.0,0.0431618557382964,3635.0,0.1615655891937304,,0.0034893507198942,131408.0,15862.0
2022-03-01,61.0,34.0,82.0,32.0,23.0,25.0,79.0,42.0,44.0,88.0,0.0474140099212672,3935.0,0.1865062617679187,,0.0040792442574163,190693.0,9459.0
2022-04-01,75.0,30.0,89.0,23.0,16.0,19.0,63.0,29.0,34.0,81.0,0.0580351650708418,3905.0,0.185702924001147,,0.0063131079749958,178109.0,5359.0
2022-05-01,68.0,34.0,86.0,27.0,29.0,21.0,68.0,25.0,50.0,83.0,0.0628210387232669,3980.0,0.1603299828469853,,0.0068854022447596,85800.0,6915.0
2022-06-01,70.0,40.0,97.0,26.0,32.0,25.0,82.0,29.0,51.0,92.0,0.0684307078567954,4002.5,0.1313768951500929,,0.0077245421988662,107076.0,2797.0
2022-07-01,86.0,29.0,99.0,26.0,24.0,24.0,75.0,27.0,67.0,80.0,0.0742710931428155,4027.5,0.1278041992289056,,0.0063460643422779,86480.0,1461.0
2022-08-01,73.0,46.0,99.0,25.0,35.0,22.0,82.0,24.0,56.0,83.0,0.0559745236755123,4465.0,0.1294062241051675,,0.0063656980381482,132788.0,2569.0
2022-09-01,64.0,29.0,87.0,21.0,32.0,21.0,70.0,30.0,52.0,85.0,0.063944117461854,4520.0,0.1311072257487475,,0.0080076507445611,29445.0,4937.0
2022-10-01,56.0,36.0,71.0,22.0,32.0,18.0,62.0,28.0,46.0,83.0,0.062640747257765,5015.0,0.1308878174500188,,0.009037632316941,18171.0,3788.0
2022-11-01,51.0,34.0,58.0,20.0,26.0,21.0,64.0,28.0,39.0,81.0,0.0557368175968115,5285.0,0.1409797971828673,,0.0060954581004897,25685.0,1544.0
2022-12-01,48.0,29.0,65.0,24.0,24.0,22.0,66.0,30.0,37.0,95.0,0.0547469118983909,6160.0,0.179813204388652,,0.004852230387533,22940.0,1253.0
2023-01-01,46.0,32.0,83.0,27.0,26.0,24.0,82.0,24.0,39.0,86.0,0.0577522133388474,6542.5,0.2086372926261949,,0.0042188290787179,15589.0,2943.0
2023-02-01,54.0,41.0,94.0,25.0,19.0,19.0,74.0,22.0,29.0,79.0,0.066193023189638,7287.5,0.2343410201386018,,0.003204687478432,18515.0,1562.0
2023-03-01,52.0,30.0,85.0,21.0,23.0,19.0,65.0,28.0,31.0,77.0,0.0557899967436246,7500.0,0.2866538233291195,,0.0047771971313693,34668.0,2526.0
2023-04-01,54.0,26.0,83.0,20.0,23.0,17.0,68.0,22.0,31.0,87.0,0.0631939775160102,7625.0,0.2988270788319797,,0.0070612557012862,58153.0,2470.0
2023-05-01,59.0,42.0,79.0,29.0,36.0,20.0,71.0,29.0,45.0,91.0,0.0704789770975634,8850.0,0.2329778107458552,,0.0057852578243544,26466.0,9267.0
2023-06-01,83.0,42.0,83.0,20.0,30.0,19.0,74.0,22.0,58.0,88.0,0.0821292355612614,9000.0,0.1587903556515523,,0.0081653609862548,82938.0,8046.0
2023-07-01,82.0,50.0,85.0,31.0,35.0,21.0,86.0,24.0,66.0,89.0,0.0717500459520302,10550.0,0.1491943046242885,,0.0058923043394652,48012.0,24424.0
2023-08-01,80.0,55.0,84.0,35.0,34.0,20.0,84.0,25.0,66.0,82.0,0.0685163908505305,13700.0,0.1482630182332056,,0.0072739958906558,44073.0,3437.0
2023-09-01,67.0,86.0,75.0,24.0,34.0,17.0,80.0,28.0,49.0,81.0,0.0724951374369091,13700.0,0.1519287139669566,,0.0081312584239916,49001.0,5084.0
2023-10-01,59.0,31.0,59.0,22.0,28.0,17.0,79.0,25.0,38.0,82.0,0.0752593529339902,13800.0,0.1515831632386325,,0.0089361510428239,133078.0,2896.0
2023-11-01,55.0,28.0,56.0,20.0,27.0,22.0,86.0,34.0,43.0,88.0,0.0794524915198746,13950.0,0.1581417030633831,,0.0044984731398218,23603.0,2472.0
2023-12-01,66.0,29.0,66.0,18.0,25.0,23.0,87.0,25.0,46.0,92.0,0.0570735516783527,14150.0,0.1911987081965823,,0.0029019899534855,28044.0,1646.0
2024-01-01,53.0,32.0,77.0,16.0,24.0,21.0,94.0,24.0,30.0,81.0,0.0523610633261119,14775.0,0.2385947771230325,,0.003585296998337,24234.0,570.0
2024-02-01,51.0,24.0,72.0,14.0,22.0,22.0,81.0,41.0,32.0,80.0,0.0510154735151487,14650.0,0.2870524040806015,,0.003464327521707,15229.0,2232.0
2024-03-01,44.0,32.0,59.0,15.0,24.0,18.0,77.0,23.0,27.0,75.0,0.0587882039057585,14000.0,0.3064198675620563,,0.0030960195766925,44840.0,1129.0
2024-04-01,55.0,30.0,64.0,16.0,23.0,17.0,78.0,25.0,34.0,73.0,0.0663269083936477,14400.0,0.2963426522323149,,0.006888861769358,118238.0,8162.0
2024-05-01,53.0,19.0,63.0,16.0,34.0,19.0,76.0,23.0,37.0,83.0,0.0579623726216831,14850.0,0.198906363625504,,0.0059857005344551,74480.0,4552.0
2024-06-01,67.0,17.0,71.0,14.0,33.0,19.0,83.0,28.0,51.0,76.0,0.0451797099014805,14800.0,0.1525046665987312,,0.0083401874601002,133739.0,7568.0
2024-07-01,63.0,26.0,70.0,14.0,31.0,21.0,94.0,30.0,50.0,72.0,0.0480095644320037,14800.0,0.1469126336614881,,0.007876389933002,89789.0,11679.0
2024-08-01,65.0,20.0,73.0,14.0,30.0,19.0,96.0,28.0,48.0,74.0,0.0801864252512447,14750.0,0.1482321094658287,,0.0086427594094313,77102.0,4073.0
2024-09-01,46.0,15.0,56.0,13.0,26.0,19.0,93.0,26.0,46.0,72.0,0.0693753723877515,14750.0,0.1470431955373498,,0.0077731602018832,21318.0,2403.0
2024-10-01,43.0,0.0,49.0,12.0,18.0,18.0,86.0,27.0,30.0,71.0,0.0720005352493772,14750.0,0.1463274206102155,,0.0088040308371025,38292.0,588.0
2024-11-01,42.0,18.0,45.0,12.0,18.0,19.0,79.0,22.0,33.0,71.0,0.071126498255566,14750.0,0.1481214368126806,,0.0048009193535544,33326.0,2648.0
2024-12-01,43.0,26.0,74.0,19.0,15.0,24.0,77.0,53.0,29.0,77.0,0.059245083152823,14750.0,0.1514743343961013,,0.0044939145124524,26258.0,1910.0
2025-01-01,47.0,19.0,79.0,18.0,24.0,23.0,95.0,54.0,41.0,80.0,0.0501090500267465,11750.0,0.1578211737549161,,0.0020782289091946,20083.0,3835.0
2025-02-01,49.0,20.0,74.0,19.0,19.0,23.0,98.0,43.0,38.0,77.0,0.0534445255623387,10050.0,0.1642355325831091,,0.003021187452131,68241.0,8225.0
2025-03-01,47.0,19.0,70.0,13.0,20.0,17.0,88.0,32.0,24.0,82.0,0.0521786588247934,10400.0,0.1704621471704897,,0.0030296679476656,88538.0,11461.0
2025-04-01,61.0,14.0,70.0,15.0,25.0,19.0,86.0,43.0,28.0,100.0,0.063475878703481,11137.5,0.1641325653885751,,0.005595582203871,123914.0,19868.0
2025-05-01,55.0,0.0,65.0,17.0,23.0,19.0,86.0,46.0,37.0,79.0,0.0736309651349769,9950.0,0.1476349558795361,,0.0049625601048997,340375.0,29057.0
2025-06-01,63.0,0.0,67.0,12.0,21.0,20.0,89.0,45.0,33.0,74.0,0.1163199559917445,9912.5,0.1314374079910729,,0.0072355677915045,489861.0,318377.0
2025-07-01,65.0,21.0,67.0,11.0,23.0,23.0,97.0,51.0,37.0,79.0,0.0802605499794553,10225.0,0.1288787888776567,,0.0071381006708749,640275.0,113109.0
2025-08-01,78.0,17.0,63.0,10.0,23.0,23.0,100.0,29.0,51.0,73.0,0.0689079880451757,10775.0,0.1283267624012261,,0.0089812850615859,383076.0,24394.0
2025-09-01,66.0,11.0,62.0,12.0,25.0,22.0,96.0,35.0,42.0,69.0,0.074622871488136,11365.0,0.1305489592168015,,0.0085695579434148,339668.0,28363.0
2025-10-01,55.0,13.0,50.0,13.0,24.0,25.0,91.0,41.0,39.0,71.0,0.0782530382201831,11570.0,0.1284637112036197,,0.0092218481302782,427224.0,51419.0
2025-11-01,52.0,20.0,53.0,11.0,21.0,32.0,84.0,24.0,31.0,72.0,0.0684202481214237,11930.0,0.1330769587111718,,0.0041623776431982,411204.0,37470.0
2025-12-01,59.0,9.0,63.0,11.0,20.0,25.0,86.0,41.0,34.0,70.0,0.0579863793164289,11830.0,0.1570090844290869,,0.0039423352459036,383596.0,35254.0
2026-01-01,54.0,8.0,73.0,12.0,20.0,33.0,92.0,32.0,29.0,70.0,0.0526076526585498,11945.0,0.1672223263224596,,0.0033774889532964,411628.0,88291.0
2026-02-01,56.0,15.0,75.0,12.0,23.0,30.0,92.0,34.0,28.0,70.0,0.0584649336959047,11692.5,0.1971982132208349,,0.0024662255495998,598845.0,88221.0
2026-03-01,64.0,13.0,75.0,12.0,20.0,40.0,93.0,39.0,27.0,64.0,0.0597755165273048,11845.0,0.2666365405972493,,0.0024662255495998,534825.0,84956.0
2026-04-01,53.0,12.0,62.0,11.0,29.0,100.0,91.0,100.0,34.0,66.0,0.0652277615575177,13000.0,,,0.0024662255495998,593352.0,68211.0
2026-05-01,,,,,,,,,,,,13300.0,,,0.0024662255495998,,
